prezzo,taglia,marca
6,34,Puma
5,46,Nike
5.5,44,Adidas
6,34,Puma
5,39,Nike
6,36,Puma
6,39,Puma
5,40,Nike
5,43,Nike
5.5,38,Adidas
5,37,Nike
5,39,Nike
5,45,Nike
6,34,Puma
6,41,Puma
5,35,Nike
6,46,Puma
5.5,38,Adidas
6,38,Puma
6,45,Puma
5,43,Nike
5,44,Nike
6,46,Puma
5.5,39,Adidas
5,34,Nike
6,41,Puma
5,43,Nike
5.5,39,Adidas
5.5,34,Adidas
5,44,Nike
5,40,Nike
5.5,44,Adidas
6,42,Puma
6,37,Puma
5.5,43,Adidas
5,36,Nike
5.5,44,Adidas
6,45,Puma
6,37,Puma
5,43,Nike
6,42,Puma
5,41,Nike
5,37,Nike
5.5,35,Adidas
6,44,Puma
5.5,36,Adidas
5,39,Nike
5.5,41,Adidas
5,40,Nike
6,43,Puma
6,44,Puma
6,41,Puma
5,37,Nike
5,38,Nike
5.5,45,Adidas
5.5,39,Adidas
5.5,42,Adidas
5,34,Nike
5,38,Nike
5,42,Nike
6,39,Puma
5,40,Nike
6,41,Puma
5,35,Nike
6,39,Puma
5.5,41,Adidas
5.5,40,Adidas
5.5,37,Adidas
6,34,Puma
6,44,Puma
5,46,Nike
5,38,Nike
5,38,Nike
5,41,Nike
5.5,44,Adidas
5,39,Nike
5,38,Nike
6,46,Puma
5.5,40,Adidas
6,41,Puma
6,39,Puma
6,45,Puma
5.5,34,Adidas
5,36,Nike
6,36,Puma
5,38,Nike
5,36,Nike
5,46,Nike
5.5,36,Adidas
5.5,39,Adidas
5,45,Nike
6,41,Puma
5,36,Nike
5,46,Nike
6,35,Puma
5.5,44,Adidas
6,45,Puma
6,44,Puma
6,35,Puma
6,40,Puma
5.5,39,Adidas
5,42,Nike
5.5,40,Adidas
5.5,45,Adidas
5.5,34,Adidas
5,46,Nike
5.5,35,Adidas
5.5,41,Adidas
5.5,39,Adidas
5.5,39,Adidas
5,34,Nike
5.5,45,Adidas
5.5,36,Adidas
5,44,Nike
6,35,Puma
5,44,Nike
5,35,Nike
5,34,Nike
6,43,Puma
6,38,Puma
5.5,36,Adidas
5,35,Nike
5.5,37,Adidas
5.5,40,Adidas
5.5,41,Adidas
5.5,36,Adidas
5,36,Nike
6,40,Puma
5.5,42,Adidas
5,39,Nike
5,41,Nike
5.5,45,Adidas
5.5,37,Adidas
6,43,Puma
5,40,Nike
6,37,Puma
6,34,Puma
5,44,Nike
5.5,39,Adidas
5,38,Nike
6,40,Puma
5.5,44,Adidas
6,38,Puma
6,35,Puma
6,38,Puma
5.5,36,Adidas
5,43,Nike
5,38,Nike
6,40,Puma
6,42,Puma
5,34,Nike
6,37,Puma
5.5,45,Adidas
6,46,Puma
5,39,Nike
5,39,Nike
5.5,45,Adidas
5.5,35,Adidas
6,45,Puma
5,40,Nike
5,45,Nike
5,44,Nike
5,44,Nike
5.5,37,Adidas
6,43,Puma
6,41,Puma
5,38,Nike
5.5,39,Adidas
6,39,Puma
6,43,Puma
6,41,Puma
6,43,Puma
6,38,Puma
5,43,Nike
6,43,Puma
5,42,Nike
6,45,Puma
5,44,Nike
6,38,Puma
6,44,Puma
5.5,37,Adidas
6,45,Puma
5.5,38,Adidas
5,38,Nike
6,43,Puma
5.5,42,Adidas
5,44,Nike
5,44,Nike
5.5,40,Adidas
5.5,34,Adidas
6,37,Puma
5,36,Nike
6,35,Puma
5.5,41,Adidas
5,45,Nike
5,36,Nike
5,37,Nike
5,37,Nike
6,38,Puma
6,34,Puma
